target,group,p_group,base,delta,lo95,hi95,lob,hib,ratio,mean_ret,n_avg,n_anchor
W60: 60일 +50%↑,mom12 Q5(상위20%),6.692688898013044,3.882400430350884,2.81028846766216,1.8536360734793755,3.715750880924641,1.2123792088699632,4.327858290970304,1.7238533268471155,4.882868169026494,636.8613861386139,101
W60: 60일 +50%↑,mom12 Q1(하위20%),5.868231181861554,3.882400430350884,1.9858307515106712,1.4330283138051765,2.522076799818029,1.1556656344649743,2.858008759471702,1.511495603592645,-0.4559340643366428,636.5049504950495,101
W60: 60일 +50%↑,mom1 Q5(상위20%),6.1518233842396,3.882400430350884,2.2694229538887183,1.3030677918490485,3.3311756824071765,0.7724092207938235,4.045725618360165,1.5845411864647898,2.4576469312617903,676.940594059406,101
W60: 60일 +50%↑,mom1 Q1(하위20%),5.926803391215639,3.882400430350884,2.044402960864755,1.1904481904312973,2.985002070091937,0.7656334916071439,3.830793509367725,1.5265822002497527,1.3436758309802668,675.9108910891089,101
W60: 60일 +50%↑,upratio63 Q5(상위20%),3.2260699969342514,3.882400430350884,-0.6563304334166333,-1.5475218402696655,0.3049014192022041,-2.1216451422265954,0.9040535953942053,0.8309472592559664,3.715654302126934,670.940594059406,101
W60: 60일 +50%↑,upratio63 Q1(하위20%),4.505438414060026,3.882400430350884,0.6230379837091419,-0.0643387261919861,1.3191533096353498,-0.4380737699789529,1.7214836954418533,1.1604775176817177,-0.7418078817755762,672.7821782178218,101
W60: 60일 +50%↑,size_amt Q5(상위20%),3.6575267914121565,3.882400430350884,-0.2248736389387273,-0.7070771900245827,0.29014725451864715,-1.0090434671891542,0.595292279535099,0.9420787105882317,4.462258160582794,677.4356435643564,101
W60: 60일 +50%↑,size_amt Q1(하위20%),3.538066287175248,3.882400430350884,-0.344334143175636,-0.7371942039435769,0.07725162753165948,-0.9513450296461985,0.37640803806971596,0.9113089570865014,1.039995026802607,675.7326732673267,101
W60: 60일 +50%↑,rv63 Q5(상위20%),10.937480758632287,3.882400430350884,7.0550803282814085,5.1988810207333,9.025508608746119,4.244170865258571,10.207636339144262,2.817195432271209,0.5297784669139405,677.4059405940594,101
W60: 60일 +50%↑,rv63 Q1(하위20%),0.04444807769933332,3.882400430350884,-3.83795235265155,-4.723903833974845,-2.87676301097707,-5.263093096232684,-2.149261295716659,0.011448607246140293,2.373969162875042,674.7821782178218,101
W60: 60일 +50%↑,prox52 Q5(상위20%),1.741414035029468,3.882400430350884,-2.140986395321417,-2.886703010397291,-1.4613844236163043,-3.3784001267889496,-0.9946781444805108,0.44854055275078425,2.846066757545198,675.9207920792079,101
W60: 60일 +50%↑,prox52 Q1(하위20%),7.899459443615159,3.882400430350884,4.017059013264275,2.870000237804132,5.3435420562869,2.32111246767874,6.328905307637371,2.034684362246792,-0.4923429441321321,676.6633663366337,101
W60: 60일 +50%↑,vol_cv Q5(상위20%),5.49014273441003,3.882400430350884,1.607742304059146,1.265932322284091,1.9603471937997374,1.0344330448311145,2.183487672932632,1.4141103765316247,-2.072256166314259,675.5148514851485,101
W60: 60일 +50%↑,vol_cv Q1(하위20%),2.179297111750446,3.882400430350884,-1.7031033186004385,-2.013008537140181,-1.337020615839568,-2.1400052329815233,-1.0727334410880311,0.5613272383532796,4.000442796322401,676.7029702970297,101
W60: 60일 +50%↑,price Q5(상위20%),2.1810988356311296,3.882400430350884,-1.701301594719755,-2.245002153499162,-1.169671940457545,-2.507285365159369,-0.9162596511171582,0.5617913130701992,0.9964590455755873,677.3366336633663,101
W60: 60일 +50%↑,price Q1(하위20%),6.9172439436589555,3.882400430350884,3.0348435133080747,2.303803029886458,3.756223896189319,1.897990589911044,4.189518635873657,1.781692555353902,4.105074996581578,675.8712871287129,101
W60: 60일 +50%↑,mcap Q5(상위20%),1.9773178278129881,3.882400430350884,-1.905082602537896,-2.529577256246779,-1.241744361803532,-2.8973627004495213,-0.9350269079178622,0.5093029076432185,3.0825376895336727,544.9702970297029,101
W60: 60일 +50%↑,mcap Q1(하위20%),6.6774974360146695,3.882400430350884,2.7950970056637865,2.159047601418108,3.4234851391957077,1.7942152679350691,3.795534144904724,1.7199404223770833,1.7086470985270146,544.6336633663366,101
W60: 60일 +50%↑,bm Q5(상위20%),2.6835154855943353,3.882400430350884,-1.1988849447565495,-1.6548026608755373,-0.7472827417229181,-1.9457938593635622,-0.5010219017314985,0.6912000793673424,3.7562443764654945,473.05940594059405,101
W60: 60일 +50%↑,bm Q1(하위20%),6.490694491879176,3.882400430350884,2.608294061528294,1.7259566968947047,3.54411146114127,1.229397741644044,4.064536607160837,1.6718251010735026,-1.1240270996216781,472.43564356435644,101
W60: 60일 +50%↑,roa Q5(상위20%),2.7261499371295757,3.882400430350884,-1.1562504932213087,-1.5756181261822289,-0.7600392573232883,-1.8234809375807113,-0.4893516500380747,0.7021815461943969,3.2664072730288445,497.5247524752475,101
W60: 60일 +50%↑,roa Q1(하위20%),9.992426605848816,3.882400430350884,6.110026175497932,4.495326488231261,7.736273452280455,3.460429376871402,8.592879909719983,2.573775370446711,1.8028689329728034,497.1188118811881,101
W60: 60일 +50%↑,rev_g Q5(상위20%),7.297778709487418,3.882400430350884,3.4153782791365352,2.1484081228648204,4.857582555973235,1.5117828014904344,5.6708507795831125,1.8797078870166566,5.477436457489409,398.5742574257426,101
W60: 60일 +50%↑,rev_g Q1(하위20%),4.689774224140632,3.882400430350884,0.8073737937897466,0.46230773028352384,1.1857913535191524,0.2772075244457289,1.4341732537435792,1.20795737283513,1.8360083768025968,397.8811881188119,101
W60: 60일 +50%↑,rev_acc Q5(상위20%),5.341554343059707,3.882400430350884,1.4591539127088236,0.7779445125631864,2.190293460214296,0.3987200648353128,2.630172324846818,1.3758380772116667,3.001229303539906,384.63366336633663,101
W60: 60일 +50%↑,rev_acc Q1(하위20%),5.243668828077488,3.882400430350884,1.3612683977266034,0.7883632232601884,1.9804062481267324,0.5386219297134089,2.367747993852166,1.3506254499367998,3.8629701061412316,384.54455445544556,101
W60: 60일 +50%↑,sp Q5(상위20%),4.472789120725341,3.882400430350884,0.5903886903744581,-0.1085740593559836,1.3467267796191114,-0.6095796456311531,1.8450092234967135,1.1520679540830103,3.971541907171979,348.019801980198,101
W60: 60일 +50%↑,sp Q1(하위20%),5.277412861564955,3.882400430350884,1.3950124312140701,0.5525584290145502,2.3617308103001444,0.2297375501550913,3.1618795050747965,1.3593169886105727,1.4912108712405903,347.5247524752475,101
W60: 60일 +50%↑,opm Q5(상위20%),2.216653012816345,3.882400430350884,-1.6657474175345401,-2.0954170285924865,-1.2340622734791362,-2.3439148264441885,-1.0188100646268852,0.5709490951751229,3.342697827796153,324.5049504950495,101
W60: 60일 +50%↑,opm Q1(하위20%),9.21000737775908,3.882400430350884,5.327606947408199,3.777587581298694,6.787738960471718,2.7884506159684856,7.531819910811997,2.3722456101537928,2.447373194607855,324.44554455445547,101
W60: 60일 +50%↑,asset_g Q5(상위20%),6.224558204966354,3.882400430350884,2.3421577746154703,1.4119752922181747,3.2712276858337566,0.7624722709582533,3.8301268337767,1.603275683854123,4.029917816491076,510.1188118811881,101
W60: 60일 +50%↑,asset_g Q1(하위20%),6.0808989324535165,3.882400430350884,2.198498502102632,1.6051147301023276,2.7382871206130974,1.1986025672053076,3.0110593933768843,1.5662729905230144,1.3394344541099343,508.61386138613864,101
W60: 60일 +50%↑,sue Q5(상위20%),4.2284013374965435,3.882400430350884,0.34600090714565856,-0.15236350539270682,0.9315268488735792,-0.38037235901546956,1.4569278926897546,1.0891203556543982,4.239293313890313,454.51485148514854,101
W60: 60일 +50%↑,sue Q1(하위20%),4.0322605752666965,3.882400430350884,0.14986014491581157,-0.2821694478722391,0.57854632523534,-0.46922290883027823,0.7915543361930308,1.0385998682011965,2.9292077579367475,454.1089108910891,101
W60: 60일 +50%↑,ins_npr Q5(상위20%),3.6407809816344443,3.882400430350884,-0.17750328666412,-0.6671149173573105,0.31438144618843705,-0.9712921420916742,0.6129286309378223,0.9377654487085963,2.777239241811738,292.5742574257426,90
W60: 60일 +50%↑,dtc Q5(상위20%),4.9056205736684495,3.882400430350884,1.023220143317564,0.4597593441562121,1.667593422006371,0.15327149137289253,2.21260024869068,1.2635534797797991,3.994034673208934,646.0792079207921,101
W60: 60일 +50%↑,dtc Q1(하위20%),3.9761504868169304,3.882400430350884,0.09375005646604613,-0.467039991008198,0.5745029263229063,-0.902266952695375,0.8625110699233652,1.0241474464439964,-0.2729680568673807,644.8019801980198,101
W60: 60일 +50%↑,svr20 Q5(상위20%),3.302003122980077,3.882400430350884,-0.5803973073708073,-0.8357095525507056,-0.3116770381838069,-0.9897519552797054,-0.16519429069853553,0.8505055524840976,3.866670811854663,663.6534653465346,101
W60: 60일 +50%↑,svr20 Q1(하위20%),3.4879486977223157,3.882400430350884,-0.3944517326285687,-0.7975992736356329,0.01346119292370098,-1.0242246369269783,0.2823446011802498,0.8984000389179541,2.8341959861879746,661.049504950495,101
W60: 60일 +50%↑,days_since_ea Q5(상위20%),2.930491510318986,3.882400430350884,-0.9519089200318983,-1.3836868194421519,-0.5212143128401759,-1.6052292405253104,-0.28137190346225815,0.7548143379054113,3.761121585199638,519.2574257425742,101
W60: 60일 +50%↑,days_since_ea Q1(하위20%),5.499997990256075,3.882400430350884,1.6175975599051906,0.9543134457984107,2.2389564419834125,0.4968252919196513,2.55674359391638,1.416648820471874,3.0326497514386603,517.6435643564356,101
W60: 60일 +50%↑,ins_clu=1,3.9368097547733023,3.882400430350884,0.11852548647473818,-0.7591763006148994,1.073083433655278,-1.176694380209371,1.6258207357982835,1.0140143515328996,2.6717001912662566,120.95049504950495,90
W60: 60일 +50%↑,ipo1y=1,7.85014550850909,3.882400430350884,3.967745078158206,2.298774154187351,5.614598252813772,1.3226429432124818,6.478090377278337,2.021982443423439,2.5759765590108707,100.04950495049505,101
W60: 60일 +50%↑,ma200_up=1,3.7200804425401697,3.882400430350884,-0.16231998781071483,-0.4686928243807732,0.15683679775628162,-0.6568833320553703,0.3600672003776494,0.9581908175823987,3.926400778176621,2017.8910891089108,101
W60: 60일 +50%↑,sp500_now=1,2.307229779892348,3.882400430350884,-1.575170650458537,-1.972262461678476,-1.1970886455163463,-2.1829447481251787,-0.9904242760187632,0.5942791891983756,4.723514519093091,496.71287128712873,101
W60: 60일 +50%↑,base top50,7.5049504950495045,3.882400430350884,3.62255006469862,1.1472708495423676,6.297775930830884,-0.14520312588773904,8.062190177164165,1.9330696639066727,7.230474066068498,49.98019801980198,101
W60: 60일 +50%↑,base top10,12.574257425742575,3.882400430350884,8.69185699539169,2.791781092369351,14.737593286431155,-0.013775420652983948,18.683751135776976,3.238784265384531,12.228080066553083,10.0,101
W60: 60일 +50%↑,rv63 Q5 ∩ mom12 Q5,12.808173312723802,3.882400430350884,8.925772882372922,5.932789737028615,12.25211220456789,4.38921607288258,14.344346164519246,3.299034590197133,4.769228979910483,227.79207920792078,101
W60: 60일 +50%↑,rev_g Q5 ∩ mom12 Q5,10.241301043176101,3.882400430350884,6.358900612825215,3.95753074245103,8.940296484064952,2.396648389609469,10.447528927121875,2.637878608067873,8.463453986541039,139.93069306930693,101
W60: 60일 +50%↑,rev_g Q5 ∩ prox52 Q5,3.958151784081085,3.882400430350884,0.07575135373020024,-1.043932774788563,1.2345546562563046,-1.6841653727496857,1.8964212341731237,1.0195114736589277,4.172067687379841,69.85148514851485,101
W60: 60일 +50%↑,size_amt Q1 ∩ mom12 Q5,6.931112772915875,3.882400430350884,3.04871234256499,1.9862066386205997,4.209649453731687,1.4172833137928553,4.844545010249428,1.7852647858607038,1.5215658161932781,91.0,101
W120: 120일 +100%↑,mom12 Q5(상위20%),4.018050372654659,2.2898148850640627,1.7282354875905963,0.9850917895965658,2.392762952595657,0.610796458157263,2.5711905906109966,1.7547489969007888,9.121674118131486,629.4157303370787,89
W120: 120일 +100%↑,mom12 Q1(하위20%),3.457740507823099,2.2898148850640627,1.1679256227590358,0.7724423372867123,1.6884142633986228,0.693268151088837,2.0483710807465716,1.510052419685603,0.11542724231777637,628.7303370786517,89
W120: 120일 +100%↑,mom1 Q5(상위20%),3.856576634276929,2.2898148850640627,1.5667617492128663,0.708095800518698,2.5405657594154043,0.5055309558626696,3.0713076814567795,1.6842307469623392,6.62778768641653,670.8539325842696,89
W120: 120일 +100%↑,mom1 Q1(하위20%),3.494943596414431,2.2898148850640627,1.2051287113503677,0.5459182561045712,1.9461306616809197,0.24977631370508882,2.349221036122853,1.5262996232626254,2.3222127507823247,671.2359550561798,89
W120: 120일 +100%↑,upratio63 Q5(상위20%),1.9482685380313856,2.2898148850640627,-0.3415463470326769,-1.0645475979053634,0.5359407709148294,-1.360744245419175,1.0595232423140446,0.8508410661226348,8.539593254201518,667.8089887640449,89
W120: 120일 +100%↑,upratio63 Q1(하위20%),2.6029054382608328,2.2898148850640627,0.3130905531967697,-0.4203581708495935,0.9142795648892242,-0.8454165139765102,1.0422812253771079,1.1367318184709987,-1.757659146020987,665.370786516854,89
W120: 120일 +100%↑,size_amt Q5(상위20%),2.3101398452718285,2.2898148850640627,0.020324960207765204,-0.19977231773848686,0.23997036993627108,-0.30502677307799203,0.4031650617112226,1.0088762459971505,8.517050035988593,672.1011235955057,89
W120: 120일 +100%↑,size_amt Q1(하위20%),1.945515008929363,2.2898148850640627,-0.3442998761346999,-0.6778785495129248,0.001587443826760218,-0.8108445078460356,0.18038698936436517,0.8496385544611099,1.9562388614719843,670.0449438202247,89
W120: 120일 +100%↑,rv63 Q5(상위20%),7.22336768634143,2.2898148850640627,4.933552801277366,3.50195151979161,6.833172697270386,2.9506760719407965,8.10544181046184,3.154564036358485,2.7458244471160005,671.7191011235955,89
W120: 120일 +100%↑,rv63 Q1(하위20%),0.016657356111963305,2.2898148850640627,-2.273157528952099,-3.0469585655139433,-1.400294450201984,-3.4574132403176483,-0.9386619465308151,0.007274542680552659,3.958129728374694,669.3258426966293,89
W120: 120일 +100%↑,prox52 Q5(상위20%),1.0146615781131116,2.2898148850640627,-1.2751533069509515,-1.9823362723565474,-0.7247840497890963,-2.5074672641428193,-0.5465792333623068,0.44311947866681994,6.425606692694355,669.9662921348314,89
W120: 120일 +100%↑,prox52 Q1(하위20%),5.020889997748952,2.2898148850640627,2.73107511268489,1.7509089202550232,4.225835805661045,1.6165759235628656,5.198042141647032,2.1927056333239276,0.3350233494666149,671.056179775281,89
W120: 120일 +100%↑,vol_cv Q5(상위20%),3.5555620096933067,2.2898148850640627,1.265747124629244,1.090569180423127,1.4493999637464259,0.9747713191186135,1.5674444646280326,1.5527726860740674,-2.5673980557440728,670.314606741573,89
W120: 120일 +100%↑,vol_cv Q1(하위20%),1.2997670954901699,2.2898148850640627,-0.9900477895738931,-1.2608792673140752,-0.7121323584244752,-1.3657296749690349,-0.5673080114470058,0.5676297695365038,7.461374945941292,670.2584269662922,89
W120: 120일 +100%↑,price Q5(상위20%),1.0651225150832748,2.2898148850640627,-1.2246923699807875,-1.9223572568706326,-0.6658242820922442,-2.381721460246697,-0.5346682497804173,0.4651566037197263,1.8719278182342012,671.876404494382,89
W120: 120일 +100%↑,price Q1(하위20%),4.289346381540968,2.2898148850640627,1.9995314964769053,1.2029769043096663,3.016950303578009,1.0202074363905127,3.6664806556534364,1.8732284472074099,8.394642010822572,670.2247191011236,89
W120: 120일 +100%↑,mcap Q5(상위20%),1.306688989846396,2.2898148850640627,-0.9831258952176669,-1.7978628838149615,-0.2938418720836998,-2.250838486645406,0.007884448985589576,0.5706526751876881,6.323186710806378,540.5280898876405,89
W120: 120일 +100%↑,mcap Q1(하위20%),4.1203345718562066,2.2898148850640627,1.8305196867921436,1.2567203390039374,2.624737919927181,1.1846167385818323,3.1208697553651144,1.7994181969609002,4.272119186330562,540.2134831460675,89
W120: 120일 +100%↑,bm Q5(상위20%),1.5717918788055791,2.2898148850640627,-0.7180230062584836,-0.9230531488559891,-0.501211596684932,-1.0404071718258925,-0.3595166095659826,0.68642748767947,6.937620534041887,469.7752808988764,89
W120: 120일 +100%↑,bm Q1(하위20%),3.6749680524226482,2.2898148850640627,1.3851531673585853,0.7729886002808091,2.016713803904903,0.40876846098495034,2.3666839476928887,1.604919278144981,-1.7926271938515232,469.0,89
W120: 120일 +100%↑,roa Q5(상위20%),1.4598997719130118,2.2898148850640627,-0.829915113151051,-1.1252170471351355,-0.5351753037117887,-1.304037457996356,-0.35035367032736703,0.6375623555579113,5.301588174887014,491.8876404494382,89
W120: 120일 +100%↑,roa Q1(하위20%),6.537860865669884,2.2898148850640627,4.248045980605822,2.5316480778822474,6.0688137624580065,1.8209203377921404,7.271891716308959,2.8551918796208593,4.362690544462844,491.60674157303373,89
W120: 120일 +100%↑,rev_g Q5(상위20%),4.503047679276843,2.2898148850640627,2.213232794212782,1.4155342936880704,3.1529043173055498,1.0678487861398278,3.779614494226024,1.9665553353894196,10.513370992277734,396.9325842696629,89
W120: 120일 +100%↑,rev_g Q1(하위20%),2.5559199794307057,2.2898148850640627,0.26610509436664354,0.02145328020641195,0.5894368891403605,-0.05315669704771337,0.782687835764221,1.1162124921548835,3.70333179748248,395.685393258427,89
W120: 120일 +100%↑,rev_acc Q5(상위20%),3.4539826634691155,2.2898148850640627,1.1641677784050526,0.6920992984022992,1.720312244419372,0.5126315513239802,2.097529376555892,1.5084113069570175,6.799444149632676,383.60674157303373,89
W120: 120일 +100%↑,rev_acc Q1(하위20%),3.2968481059510446,2.2898148850640627,1.0070332208869817,0.3660674613480083,1.5663039508151837,0.032578636303483885,1.8504402802639695,1.439788049005895,7.084680460362809,383.0449438202247,89
W120: 120일 +100%↑,sp Q5(상위20%),1.9990944849802454,2.2898148850640627,-0.2907204000838174,-0.6380442707187927,0.00633650200233713,-0.8440898859026572,0.08880173182182036,0.8730375970651079,6.9082111388360605,346.2134831460674,89
W120: 120일 +100%↑,sp Q1(하위20%),3.175181925217263,2.2898148850640627,0.8853670401532003,0.2596242640853673,1.571545665041015,0.0317448967486019,2.0136215231577688,1.3866544173191668,2.7160436389390274,345.91011235955057,89
W120: 120일 +100%↑,opm Q5(상위20%),1.2253802577241304,2.2898148850640627,-1.064434627339932,-1.5543126698328162,-0.6431305481265917,-1.8329059943573633,-0.5571001007656601,0.535143808225287,6.1738526457905705,323.13483146067415,89
W120: 120일 +100%↑,opm Q1(하위20%),5.48965727919962,2.2898148850640627,3.1998423941355583,2.086999841524869,4.2507793273103545,1.4941994093603335,4.840003315872786,2.3974240516154364,4.655718359104564,323.0674157303371,89
W120: 120일 +100%↑,asset_g Q5(상위20%),3.744939993479938,2.2898148850640627,1.4551251084158745,0.6350545624933656,2.498737436389938,0.3915202101370553,3.2263790666070076,1.6354771811063515,7.660947939542444,506.0561797752809,89
W120: 120일 +100%↑,asset_g Q1(하위20%),3.3563166362227728,2.2898148850640627,1.0665017511587103,0.6497518496216474,1.4064243579257747,0.39438783422569557,1.5521249409952165,1.465758938906047,2.547465553151573,504.7191011235955,89
W120: 120일 +100%↑,sue Q5(상위20%),2.49531644780542,2.2898148850640627,0.20550156274135725,0.04772319497538338,0.3780196209915237,-0.01741071167416723,0.4949722164535553,1.089745928407487,7.576151557246883,450.86516853932585,89
W120: 120일 +100%↑,sue Q1(하위20%),2.1646565489600675,2.2898148850640627,-0.1251583361039952,-0.43596974099768493,0.1493575628662227,-0.6273798954034129,0.2930154360944043,0.9453412863544672,5.507945327007789,450.08988764044943,89
W120: 120일 +100%↑,ins_npr Q5(상위20%),2.1829279788416103,2.2898148850640627,-0.10688690622245273,-0.4102074817266997,0.15845092141952294,-0.5790276175276251,0.2635522356304093,0.9533207217231178,5.255325298752695,327.3820224719101,89
W120: 120일 +100%↑,dtc Q5(상위20%),3.0586950467648166,2.2898148850640627,0.7688801617007542,0.1333883687814228,1.5730726542420823,-0.06492279291078534,2.1324668658045383,1.3357826725278026,7.241074618747452,639.056179775281,89
W120: 120일 +100%↑,dtc Q1(하위20%),2.359616748135751,2.2898148850640627,0.06980186307168852,-0.3151222390342076,0.4685839783701839,-0.5414391220103691,0.7145159452795384,1.0304836270944826,1.235687293092107,638.4831460674158,89
W120: 120일 +100%↑,svr20 Q5(상위20%),1.9666003002962011,2.2898148850640627,-0.32321458476786197,-0.5097971066473908,-0.17973744039350412,-0.6207107795275976,-0.12979091373080456,0.8588468496400664,6.539205068656133,656.8202247191011,89
W120: 120일 +100%↑,svr20 Q1(하위20%),2.0251600060217148,2.2898148850640627,-0.26465487904234813,-0.5919593111338037,0.048430792410612475,-0.8268801801994989,0.2246060821214981,0.8844208408423619,5.870653686884217,654.0449438202247,89
W120: 120일 +100%↑,days_since_ea Q5(상위20%),1.539535867791431,2.2898148850640627,-0.7502790172726317,-1.0914029975850414,-0.4798650900047488,-1.3249901981873047,-0.39516134174727174,0.6723407546319444,6.22709691511837,513.9325842696629,89
W120: 120일 +100%↑,days_since_ea Q1(하위20%),3.301115461662457,2.2898148850640627,1.0113005765983945,0.6025390726609087,1.5153040426976905,0.4581636463721692,1.8742090562766895,1.4416516737640566,5.843836675183025,517.2584269662922,89
W120: 120일 +100%↑,ins_clu=1,2.5991787929415495,2.2898148850640627,0.30936390787748735,-0.24249626372585042,1.12558473808233,-0.3531273681442475,1.5733990465258294,1.1351043308764375,5.554778493423192,135.30337078651687,89
W120: 120일 +100%↑,ipo1y=1,6.768080408650197,2.2898148850640627,4.478265523586134,2.4307305109011788,6.400925981749202,1.2773699282450717,6.914924976990607,2.955732558468736,7.5205549385798,95.84269662921348,89
W120: 120일 +100%↑,ma200_up=1,2.241713266409372,2.2898148850640627,-0.04810161865469066,-0.23672283912774725,0.21597925757624428,-0.275229048317974,0.38873036203014727,0.9789932282437125,7.6140317430768265,2000.6179775280898,89
W120: 120일 +100%↑,sp500_now=1,1.6962804195212924,2.2898148850640627,-0.5935344655427709,-1.0419915398551354,-0.22325433148179316,-1.2907560621040586,-0.07653420000484687,0.7407936906104247,8.902744250176568,496.53932584269666,89
W120: 120일 +100%↑,base top50,5.55056179775281,2.2898148850640627,3.260746912688746,0.812192513154975,6.639861447169279,0.20695793530575446,9.126292983650584,2.4240220613281234,16.649768308045864,50.0,89
W120: 120일 +100%↑,base top10,8.988764044943819,2.2898148850640627,6.698949159879756,1.455885583299722,13.355245055485806,-0.0228612239739044,18.14820354798912,3.925541799721657,23.51890896839249,10.0,89
W120: 120일 +100%↑,rv63 Q5 ∩ mom12 Q5,8.188733157209024,2.2898148850640627,5.898918272144964,3.648159415992285,8.828063540091707,2.80511184173778,10.74075733152402,3.5761550903622172,8.808061612517077,219.6067415730337,89
W120: 120일 +100%↑,rev_g Q5 ∩ mom12 Q5,6.351094325531315,2.2898148850640627,4.061279440467253,2.910097412976261,5.606258397723401,2.4305850367715895,6.704143399825021,2.7736278451843623,15.226818565297059,141.06741573033707,89
W120: 120일 +100%↑,rev_g Q5 ∩ prox52 Q5,2.8148774881846377,2.2898148850640627,0.5250626031205754,-0.2208362284721054,1.401403477399604,-0.5508263913557833,1.937892330578143,1.2293035155572785,9.15556297332087,69.3932584269663,89
W120: 120일 +100%↑,size_amt Q1 ∩ mom12 Q5,2.706779987189927,2.2898148850640627,0.41696510212586424,-0.10096322320402254,1.0130580748175302,-0.3384722363036792,1.3819585393456528,1.1820955505380073,1.645588563821715,90.82022471910112,89
L60: 60일 −40%↓,mom12 Q5(상위20%),4.967502704114734,4.078546588657595,0.8889561154571406,0.2911335244645355,1.4399778220589152,-0.05575383560741821,1.7859076537364313,1.2179590440205634,4.882868169026494,636.8613861386139,101
L60: 60일 −40%↓,mom12 Q1(하위20%),10.968466391313397,4.078546588657595,6.889919802655804,5.480438978763037,8.340937203536376,4.8384287432570705,9.274089542387783,2.6893076131131157,-0.4559340643366428,636.5049504950495,101
L60: 60일 −40%↓,mom1 Q5(상위20%),7.288199539155235,4.078546588657595,3.209652950497642,2.1988733000885423,4.449010053447115,1.742709610715657,5.310654473412652,1.7869599821229598,2.4576469312617903,676.940594059406,101
L60: 60일 −40%↓,mom1 Q1(하위20%),8.494902597125066,4.078546588657595,4.416356008467474,3.4547985526303404,5.531029910695875,3.012733599864019,6.144565730737832,2.0828259313622457,1.3436758309802668,675.9108910891089,101
L60: 60일 −40%↓,upratio63 Q5(상위20%),2.284673392441803,4.078546588657595,-1.7938731962157912,-2.2325261994299024,-1.3947491942660644,-2.598322166776655,-1.1942972297231997,0.5601685165974225,3.715654302126934,670.940594059406,101
L60: 60일 −40%↓,upratio63 Q1(하위20%),9.736873944256288,4.078546588657595,5.658327355598694,4.963092564774764,6.38007541403789,4.521842461978182,6.841091960863708,2.3873391495231306,-0.7418078817755762,672.7821782178218,101
L60: 60일 −40%↓,size_amt Q5(상위20%),1.6284343810089807,4.078546588657595,-2.450112207648614,-2.8656270453803883,-2.0402657349314057,-3.115854529215992,-1.8298105399990747,0.3992683044341442,4.462258160582794,677.4356435643564,101
L60: 60일 −40%↓,size_amt Q1(하위20%),6.706437793208842,4.078546588657595,2.627891204551247,2.1649426085976615,3.1769711148222077,1.9486581410317485,3.713396935328262,1.6443205066872084,1.039995026802607,675.7326732673267,101
L60: 60일 −40%↓,rv63 Q5(상위20%),16.495434340522287,4.078546588657595,12.41688775186469,10.02836925879415,15.070530955717564,8.933455051535898,16.933623831228726,4.044439356508997,0.5297784669139405,677.4059405940594,101
L60: 60일 −40%↓,rv63 Q1(하위20%),0.08945032494224453,4.078546588657595,-3.9890962637153473,-5.070848232268771,-3.095894979001657,-5.81394747407562,-2.7394413367884622,0.02193191201763029,2.373969162875042,674.7821782178218,101
L60: 60일 −40%↓,prox52 Q5(상위20%),1.4100023322396709,4.078546588657595,-2.668544256417923,-3.323765542263381,-2.052151007425714,-3.6744835602971535,-1.6485619188463436,0.34571195929473403,2.846066757545198,675.9207920792079,101
L60: 60일 −40%↓,prox52 Q1(하위20%),13.627004768606318,4.078546588657595,9.548458179948728,7.568882229339586,11.7761691295414,6.7384407698152,13.033510385002113,3.3411423585310778,-0.4923429441321321,676.6633663366337,101
L60: 60일 −40%↓,vol_cv Q5(상위20%),12.933961180536835,4.078546588657595,8.855414591879237,7.366074157141853,10.50731169486313,6.630682129301853,11.546902497238298,3.1712182022159747,-2.072256166314259,675.5148514851485,101
L60: 60일 −40%↓,vol_cv Q1(하위20%),0.8803716490203712,4.078546588657595,-3.1981749396372217,-3.9228925288698617,-2.5351860304466696,-4.428586778122614,-2.207919659940208,0.21585425834503832,4.000442796322401,676.7029702970297,101
L60: 60일 −40%↓,price Q5(상위20%),4.255077781310231,4.078546588657595,0.17653119265263817,-0.6666896614887656,0.9686136682290989,-1.0952844381429316,1.4295682325514585,1.0432828677606791,0.9964590455755873,677.3366336633663,101
L60: 60일 −40%↓,price Q1(하위20%),6.426539952675848,4.078546588657595,2.3479933640182558,1.604383731031202,3.105289667015585,1.213471699296644,3.4225297576873666,1.575693647964695,4.105074996581578,675.8712871287129,101
L60: 60일 −40%↓,mcap Q5(상위20%),1.8202727841978759,4.078546588657595,-2.2582738044597184,-3.1461145853695007,-1.369152998954304,-3.626151149035594,-0.8455608633785379,0.44630427644495707,3.0825376895336727,544.9702970297029,101
L60: 60일 −40%↓,mcap Q1(하위20%),9.888142921862986,4.078546588657595,5.809596333205393,4.46006957823421,7.254418877028338,3.813999532833274,8.339682354598315,2.424428091458323,1.7086470985270146,544.6336633663366,101
L60: 60일 −40%↓,bm Q5(상위20%),1.8803802675314247,4.078546588657595,-2.1981663211261693,-2.676027243641659,-1.7703133219692144,-3.009558803957926,-1.5188654347704642,0.46104175265785785,3.7562443764654945,473.05940594059405,101
L60: 60일 −40%↓,bm Q1(하위20%),12.209704215648767,4.078546588657595,8.13115762699117,6.695454143030005,9.731748241927363,6.066400090346038,10.907679526661596,2.9936409822076953,-1.1240270996216781,472.43564356435644,101
L60: 60일 −40%↓,roa Q5(상위20%),1.1859622371386633,4.078546588657595,-2.892584351518931,-3.539634716418012,-2.3044968149342098,-3.9420033190436836,-1.964494255295735,0.2907806031778121,3.2664072730288445,497.5247524752475,101
L60: 60일 −40%↓,roa Q1(하위20%),13.227451327471531,4.078546588657595,9.148904738813938,7.115364655798831,11.510715134997215,6.084099792677161,13.003019962888695,3.243177695764704,1.8028689329728034,497.1188118811881,101
L60: 60일 −40%↓,rev_g Q5(상위20%),4.824547839498169,4.078546588657595,0.7460012508405737,0.24204903529356597,1.3026480645850849,-0.002120369456140158,1.6298500974026815,1.1829086010480294,5.477436457489409,398.5742574257426,101
L60: 60일 −40%↓,rev_g Q1(하위20%),5.695655153110423,4.078546588657595,1.6171085644528296,0.8726070174499055,2.5699350161447265,0.5610857072632744,3.2219225857102236,1.3964913797846503,1.8360083768025968,397.8811881188119,101
L60: 60일 −40%↓,rev_acc Q5(상위20%),4.942763182007901,4.078546588657595,0.8642165933503075,0.38813461234336954,1.3814712310553525,0.19118488571544312,1.785499994754799,1.211893274862591,3.001229303539906,384.63366336633663,101
L60: 60일 −40%↓,rev_acc Q1(하위20%),4.8670023723444915,4.078546588657595,0.7884557836868978,0.12090915976657428,1.5318030698472673,-0.29966532495825615,2.0999990689137285,1.1933178318667699,3.8629701061412316,384.54455445544556,101
L60: 60일 −40%↓,sp Q5(상위20%),2.4933590451813044,4.078546588657595,-1.5851875434762888,-2.2923352067613285,-0.9910006869683602,-2.7499558489564,-0.6507609279985878,0.6113351879111337,3.971541907171979,348.019801980198,101
L60: 60일 −40%↓,sp Q1(하위20%),7.379062035901776,4.078546588657595,3.300515447244183,2.2813851891107086,4.405169841862075,1.726729726156397,5.039290619108443,1.8092381380227183,1.4912108712405903,347.5247524752475,101
L60: 60일 −40%↓,opm Q5(상위20%),1.0929554938655903,4.078546588657595,-2.9855910947920044,-3.716805858099156,-2.3432725032720816,-4.20185187920742,-2.006793944344921,0.26797670937610246,3.342697827796153,324.5049504950495,101
L60: 60일 −40%↓,opm Q1(하위20%),11.216581673776993,4.078546588657595,7.138035085119398,5.084957810093921,9.41760004057089,4.169556309466351,10.86553653153871,2.7501418532205113,2.447373194607855,324.44554455445547,101
L60: 60일 −40%↓,asset_g Q5(상위20%),4.760307758517772,4.078546588657595,0.6817611698601788,0.20988422290144368,1.188891745426554,-0.04299588489180215,1.5469059461864023,1.1671578723058234,4.029917816491076,510.1188118811881,101
L60: 60일 −40%↓,asset_g Q1(하위20%),8.347785066854367,4.078546588657595,4.269238478196773,2.8286065652786214,5.974273453933311,2.0936660684395996,7.097374736129446,2.046754863624579,1.3394344541099343,508.61386138613864,101
L60: 60일 −40%↓,sue Q5(상위20%),2.8880084325734874,4.078546588657595,-1.1905381560841068,-1.5614550419580604,-0.8452710796364398,-1.787082423357421,-0.6462638070197315,0.7080974483913008,4.239293313890313,454.51485148514854,101
L60: 60일 −40%↓,sue Q1(하위20%),3.7315779732765177,4.078546588657595,-0.3469686153810758,-0.7410607559858702,0.08653504881463224,-0.9439329989960524,0.3261136641754332,0.9149283677803279,2.9292077579367475,454.1089108910891,101
L60: 60일 −40%↓,ins_npr Q5(상위20%),3.4887210694303548,4.078546588657595,-0.6342363898999244,-1.210959678682509,-0.11642481775953405,-1.5778353628360646,0.1640567559020225,0.8553834052386358,2.777239241811738,292.5742574257426,90
L60: 60일 −40%↓,dtc Q5(상위20%),3.5788274946427148,4.078546588657595,-0.49971909401487935,-1.16102761771302,0.17841747277213954,-1.51770600733433,0.5899788651146375,0.8774761834510865,3.994034673208934,646.0792079207921,101
L60: 60일 −40%↓,dtc Q1(하위20%),9.256951057133227,4.078546588657595,5.178404468475632,4.102505975840945,6.400131912443565,3.524206400038701,7.419995547711055,2.269669073506904,-0.2729680568673807,644.8019801980198,101
L60: 60일 −40%↓,svr20 Q5(상위20%),2.3499567890701867,4.078546588657595,-1.7285897995874067,-2.3583748048109148,-1.181734997881663,-2.8387755904890897,-0.8604372997714955,0.5761750510844715,3.866670811854663,663.6534653465346,101
L60: 60일 −40%↓,svr20 Q1(하위20%),3.3736968663251576,4.078546588657595,-0.7048497223324368,-1.149518816005132,-0.33100104141048253,-1.4652094027892415,-0.10474830303981317,0.8271811521553736,2.8341959861879746,661.049504950495,101
L60: 60일 −40%↓,days_since_ea Q5(상위20%),2.335687306977247,4.078546588657595,-1.742859281680347,-2.245466136758797,-1.2368756557212661,-2.541947436257576,-0.962543991705166,0.5726763826782743,3.761121585199638,519.2574257425742,101
L60: 60일 −40%↓,days_since_ea Q1(하위20%),5.1639903732799155,4.078546588657595,1.0854437846223228,0.3265317592639932,1.836875870376545,-0.1069290898800398,2.396895200355745,1.2661349480819788,3.0326497514386603,517.6435643564356,101
L60: 60일 −40%↓,ins_clu=1,3.790689299643571,4.078546588657595,-0.3322681596867075,-1.0992749438064566,0.5918784304532044,-1.5283680186808168,1.421997009368415,0.9294216008676834,2.6717001912662566,120.95049504950495,90
L60: 60일 −40%↓,ipo1y=1,12.822341528824982,4.078546588657595,8.743794940167385,7.3181000558080695,10.094637699130208,6.237706651453721,11.213217278629514,3.1438506953638363,2.5759765590108707,100.04950495049505,101
L60: 60일 −40%↓,ma200_up=1,2.7533993789006117,4.078546588657595,-1.3251472097569819,-1.6813331913220446,-0.9937340229240461,-1.8926881735918077,-0.8134775878074374,0.6750932762562509,3.926400778176621,2017.8910891089108,101
L60: 60일 −40%↓,sp500_now=1,0.3749468296435901,4.078546588657595,-3.7035997590140046,-4.566135806166515,-2.9396326361266465,-5.142771408244604,-2.5856777418013124,0.0919314813483593,4.723514519093091,496.71287128712873,101
L60: 60일 −40%↓,base top50,2.596888260254597,4.078546588657595,-1.4816583284029972,-2.6535641437413005,-0.10056079453121766,-3.203997454883551,0.9121785381325086,0.636719037972135,7.230474066068498,49.98019801980198,101
L60: 60일 −40%↓,base top10,2.5742574257425743,4.078546588657595,-1.5042891629150197,-2.6932150162391144,0.15404257203459443,-3.2803082800054404,1.323429612950824,0.6311702881858855,12.228080066553083,10.0,101
L60: 60일 −40%↓,rv63 Q5 ∩ mom12 Q5,11.398044113808565,4.078546588657595,7.319497525150972,5.209699211076149,9.372004813242485,4.0932094722644345,10.723313122482613,2.7946337907494874,4.769228979910483,227.79207920792078,101
L60: 60일 −40%↓,rev_g Q5 ∩ mom12 Q5,4.846584680066866,4.078546588657595,0.7680380914092725,-0.11126084892050277,1.7967977337060317,-0.47386423442577824,2.5151099910244565,1.1883117122028664,8.463453986541039,139.93069306930693,101
L60: 60일 −40%↓,rev_g Q5 ∩ prox52 Q5,2.3828909900911044,4.078546588657595,-1.6956555985664887,-2.6183128721572517,-0.7059895766797002,-3.2388295286621966,0.035061429001353284,0.5842500357156407,4.172067687379841,69.85148514851485,101
L60: 60일 −40%↓,size_amt Q1 ∩ mom12 Q5,8.57918853478644,4.078546588657595,4.500641946128847,3.141685390142858,6.042585825352731,2.3257700596749484,7.335374547611153,2.1034916111158553,1.5215658161932781,91.0,101
